GROUP,X
1,0.258519026
1,0.064308906
1,0.921451099
1,0.037559415
1,0.595196701
1,0.623567716
1,0.807390659
1,0.517506489
1,0.719946075
1,0.962919805
1,0.321944604
1,0.013086014
1,0.247480457
1,0.000155552
1,0.090266276
2,0.391932065
2,0.561766591
2,0.503786263
2,0.512547068
2,0.528073112
2,0.391038075
2,0.58980454
2,0.530638691
2,0.593646811
2,0.404646378
2,0.330386427
2,0.374929184
2,0.709607109
2,0.390757445
2,0.371968145
